exp,bucket,bge_acc,bge_acc_std,bge_f1,bge_f1_std,inlegal_acc,inlegal_acc_std,inlegal_f1,inlegal_f1_std
baseline,family_matrimonial,0.8217,0.0079,0.8042,0.0088,0.8091,0.0064,0.7913,0.0045
baseline,fin_fraud,0.7683,0.0093,0.7577,0.0103,0.7447,0.009,0.7333,0.0101
baseline,land_property,0.8083,0.005,0.7916,0.006,0.7947,0.0107,0.7788,0.0133
baseline,motor_accidents,0.842,0.0043,0.8147,0.0052,0.8295,0.0058,0.8058,0.007
baseline,sexual_offences,0.7752,0.0071,0.7538,0.0067,0.7589,0.016,0.7339,0.0123
baseline,cross_bucket,0.7811,0.0055,0.7759,0.0043,0.7584,0.006,0.7501,0.0042
party_args_no_lr,family_matrimonial,0.8249,0.0047,0.8049,0.0041,0.8177,0.0108,0.7993,0.0088
party_args_no_lr,fin_fraud,0.7736,0.0112,0.7595,0.0127,0.7448,0.0122,0.7325,0.0137
party_args_no_lr,land_property,0.8088,0.0104,0.7945,0.0088,0.8013,0.0098,0.7847,0.011
party_args_no_lr,motor_accidents,0.8433,0.0022,0.8188,0.0032,0.8278,0.0092,0.8033,0.0079
party_args_no_lr,sexual_offences,0.7792,0.0059,0.7593,0.0058,0.7564,0.0051,0.7329,0.005
party_args_no_lr,cross_bucket,0.7868,0.0041,0.7799,0.0035,0.7602,0.0072,0.7525,0.0069
baseline_lr_decay,family_matrimonial,0.8212,0.0082,0.8031,0.0091,0.8119,0.0051,0.7942,0.0041
baseline_lr_decay,fin_fraud,0.7681,0.0121,0.7582,0.0128,0.7468,0.0107,0.7341,0.0123
baseline_lr_decay,land_property,0.8084,0.0033,0.7931,0.0059,0.7973,0.0044,0.7801,0.0047
baseline_lr_decay,motor_accidents,0.8398,0.0037,0.815,0.0019,0.8329,0.0081,0.8084,0.0083
baseline_lr_decay,sexual_offences,0.7766,0.0076,0.7536,0.008,0.7617,0.0096,0.7348,0.0108
baseline_lr_decay,cross_bucket,0.7965,0.0043,0.7905,0.0045,0.7783,0.0039,0.7701,0.0029
party_args_lr_decay,family_matrimonial,0.8254,0.0032,0.8056,0.0039,0.8112,0.0144,0.7923,0.0126
party_args_lr_decay,fin_fraud,0.7709,0.011,0.7579,0.0111,0.7519,0.0095,0.7424,0.0099
party_args_lr_decay,land_property,0.8103,0.0058,0.7951,0.0049,0.7982,0.0101,0.7828,0.0107
party_args_lr_decay,motor_accidents,0.8413,0.0034,0.8164,0.0059,0.8278,0.0092,0.8029,0.008
party_args_lr_decay,sexual_offences,0.7809,0.0042,0.7596,0.0044,0.7494,0.0098,0.731,0.0068
party_args_lr_decay,cross_bucket,0.802,0.0036,0.7959,0.0028,0.7829,0.0041,0.7758,0.0037
party_args_preamble_no_lr,family_matrimonial,0.8274,0.0061,0.8066,0.0065,0.8083,0.0096,0.7878,0.0097
party_args_preamble_no_lr,fin_fraud,0.7691,0.0099,0.7582,0.0134,0.7434,0.0111,0.7336,0.0086
party_args_preamble_no_lr,land_property,0.8062,0.0064,0.7905,0.007,0.7868,0.0118,0.7714,0.0109
party_args_preamble_no_lr,motor_accidents,0.8427,0.0041,0.8163,0.0043,0.8293,0.0047,0.8053,0.004
party_args_preamble_no_lr,sexual_offences,0.7705,0.0128,0.7526,0.0098,0.7534,0.0141,0.7301,0.0105
party_args_preamble_no_lr,cross_bucket,0.7823,0.0028,0.7758,0.0021,0.7593,0.0051,0.7512,0.0058
party_args_preamble_lr_decay,family_matrimonial,0.8263,0.0062,0.8049,0.0075,0.8064,0.0096,0.7878,0.0093
party_args_preamble_lr_decay,fin_fraud,0.7685,0.0105,0.7589,0.0125,0.7499,0.0117,0.7399,0.0113
party_args_preamble_lr_decay,land_property,0.8037,0.0078,0.7883,0.0091,0.7936,0.0079,0.7784,0.0096
party_args_preamble_lr_decay,motor_accidents,0.8406,0.0027,0.8151,0.0032,0.8287,0.0055,0.8041,0.0053
party_args_preamble_lr_decay,sexual_offences,0.7713,0.0087,0.7514,0.006,0.7544,0.0118,0.7322,0.0088
party_args_preamble_lr_decay,cross_bucket,0.797,0.0044,0.7915,0.0039,0.7799,0.0036,0.7718,0.0041
no_names,family_matrimonial,0.8251,0.0061,0.8066,0.0059,0.8076,0.0078,0.789,0.0084
no_names,fin_fraud,0.7702,0.0114,0.7599,0.0105,0.7543,0.0083,0.7449,0.0085
no_names,land_property,0.8104,0.0107,0.7957,0.012,0.7631,0.0117,0.7408,0.0106
no_names,motor_accidents,0.8461,0.002,0.8192,0.0048,0.7574,0.0104,0.7244,0.0099
no_names,sexual_offences,0.7743,0.01,0.7537,0.0084,0.7481,0.0133,0.7289,0.014
no_names,cross_bucket,0.7866,0.0072,0.7797,0.0066,0.739,0.0088,0.732,0.0077
text_only,family_matrimonial,0.8205,0.0067,0.8025,0.0079,0.7982,0.0098,0.7829,0.0091
text_only,fin_fraud,0.7635,0.0075,0.7535,0.0057,0.7428,0.007,0.7341,0.0063
text_only,land_property,0.8062,0.0102,0.7883,0.0106,0.7696,0.0064,0.7503,0.0079
text_only,motor_accidents,0.8249,0.0043,0.7954,0.0049,0.8054,0.0069,0.7772,0.0066
text_only,sexual_offences,0.7732,0.0058,0.7544,0.0067,0.7505,0.0092,0.7312,0.0063
text_only,cross_bucket,0.7732,0.0063,0.7671,0.0052,0.7469,0.0047,0.7394,0.0029
no_cross_case,family_matrimonial,0.8246,0.0074,0.8058,0.0088,0.8091,0.0064,0.7913,0.0045
no_cross_case,fin_fraud,0.7688,0.0129,0.758,0.013,0.7447,0.009,0.7333,0.0101
no_cross_case,land_property,0.8105,0.0085,0.7941,0.008,0.7947,0.0107,0.7788,0.0133
no_cross_case,motor_accidents,0.8418,0.0032,0.8146,0.0058,0.8295,0.0058,0.8058,0.007
no_cross_case,sexual_offences,0.7751,0.0081,0.7521,0.0077,0.7589,0.016,0.7339,0.0123
no_cross_case,cross_bucket,0.7837,0.0047,0.7767,0.0032,0.7637,0.0035,0.7545,0.0037
hierarchical_enc,family_matrimonial,0.8275,0.0085,0.8073,0.009,0.8091,0.0064,0.7913,0.0045
hierarchical_enc,fin_fraud,0.7668,0.0112,0.757,0.0109,0.7447,0.009,0.7333,0.0101
hierarchical_enc,land_property,0.8029,0.0096,0.7908,0.0103,0.7947,0.0107,0.7788,0.0133
hierarchical_enc,motor_accidents,0.8439,0.0057,0.8157,0.0112,0.8295,0.0058,0.8058,0.007
hierarchical_enc,sexual_offences,0.778,0.0083,0.7557,0.0048,0.7589,0.016,0.7339,0.0123
hierarchical_enc,cross_bucket,0.7811,0.0033,0.7754,0.0026,0.7584,0.006,0.7501,0.0042
section_sep_enc,family_matrimonial,0.827,0.0093,0.8077,0.0096,0.8097,0.0045,0.792,0.0045
section_sep_enc,fin_fraud,0.7717,0.0119,0.7631,0.0136,0.7508,0.0073,0.7393,0.0064
section_sep_enc,land_property,0.8104,0.0093,0.7947,0.0087,0.7919,0.0134,0.7762,0.0099
section_sep_enc,motor_accidents,0.843,0.0072,0.8158,0.0025,0.8267,0.0106,0.8029,0.0089
section_sep_enc,sexual_offences,0.7745,0.0077,0.754,0.0069,0.7402,0.0367,0.7086,0.056
section_sep_enc,cross_bucket,0.7892,0.0093,0.7831,0.0086,0.7745,0.0046,0.7665,0.0043
section_sep_enc_lr_decay,family_matrimonial,0.8257,0.0083,0.8077,0.0095,0.8114,0.0063,0.7939,0.0065
section_sep_enc_lr_decay,fin_fraud,0.7689,0.011,0.7588,0.0125,0.7529,0.0038,0.7426,0.0055
section_sep_enc_lr_decay,land_property,0.8104,0.0059,0.7973,0.0058,0.7963,0.0082,0.7806,0.0089
section_sep_enc_lr_decay,motor_accidents,0.8431,0.0071,0.8159,0.0025,0.8232,0.0085,0.8003,0.0082
section_sep_enc_lr_decay,sexual_offences,0.7745,0.0077,0.754,0.0069,0.7472,0.0406,0.7110,0.0570
section_sep_enc_lr_decay,cross_bucket,0.8048,0.0039,0.7996,0.0037,0.7913,0.0040,0.7845,0.0032
case_node_minimised,family_matrimonial,0.8195,0.004,0.8006,0.0052,0.7994,0.0082,0.7798,0.0124
case_node_minimised,fin_fraud,0.7678,0.0092,0.7575,0.01,0.7237,0.0378,0.7086,0.05
case_node_minimised,land_property,0.8011,0.0078,0.7862,0.0058,0.7937,0.011,0.7763,0.013
case_node_minimised,motor_accidents,0.8423,0.0114,0.8192,0.0101,0.8231,0.007,0.8,0.0056
case_node_minimised,sexual_offences,0.775,0.0058,0.7514,0.0058,0.743,0.0046,0.722,0.0032
case_node_minimised,cross_bucket,0.7755,0.003,0.7697,0.0023,0.7553,0.0108,0.7477,0.0106
entity_resolved_section_sep_no_lr,family_matrimonial,0.8239,0.0067,0.8035,0.0088,,,,
entity_resolved_section_sep_no_lr,fin_fraud,0.7725,0.0061,0.7601,0.0088,,,,
entity_resolved_section_sep_no_lr,land_property,0.8091,0.008,0.7943,0.0086,,,,
entity_resolved_section_sep_no_lr,motor_accidents,0.845,0.0033,0.8187,0.0025,,,,
entity_resolved_section_sep_no_lr,sexual_offences,0.7792,0.0054,0.7556,0.0052,,,,
entity_resolved_section_sep_no_lr,cross_bucket,0.7876,0.0119,0.7815,0.0112,,,,
entity_resolved_section_sep_lr_decay,family_matrimonial,0.8241,0.0066,0.8045,0.0074,,,,
entity_resolved_section_sep_lr_decay,fin_fraud,0.772,0.0079,0.7605,0.0103,,,,
entity_resolved_section_sep_lr_decay,land_property,0.8078,0.0087,0.794,0.008,,,,
entity_resolved_section_sep_lr_decay,motor_accidents,0.8417,0.0037,0.8148,0.0062,,,,
entity_resolved_section_sep_lr_decay,sexual_offences,0.7765,0.0058,0.754,0.005,,,,
entity_resolved_section_sep_lr_decay,cross_bucket,0.8063,0.0055,0.8002,0.005,,,,
entity_resolved_section_sep_no_names_lr_decay,family_matrimonial,0.8032,0.0186,0.7853,0.0162,,,,
entity_resolved_section_sep_no_names_lr_decay,fin_fraud,0.7625,0.0105,0.7521,0.0099,,,,
entity_resolved_party_args_preamble_lr_decay,fin_fraud,0.7707,0.0129,0.7582,0.0161,,,,
entity_resolved_party_args_preamble_lr_decay,sexual_offences,0.7774,0.007,0.7524,0.0048,,,,
central_authorities_removed_section_sep_no_lr,family_matrimonial,0.8261,0.0073,0.8061,0.0075,,,,
central_authorities_removed_section_sep_no_lr,fin_fraud,0.7763,0.0119,0.7635,0.0163,,,,
central_authorities_removed_section_sep_no_lr,land_property,0.8092,0.006,0.7944,0.0052,,,,
central_authorities_removed_section_sep_no_lr,motor_accidents,0.8449,0.0027,0.8178,0.0032,,,,
central_authorities_removed_section_sep_no_lr,sexual_offences,0.7778,0.0084,0.7546,0.0081,,,,
central_authorities_removed_section_sep_no_lr,cross_bucket,0.788,0.0121,0.7817,0.0115,,,,
central_authorities_removed_section_sep_lr_decay,family_matrimonial,0.8272,0.0092,0.8072,0.0108,,,,
central_authorities_removed_section_sep_lr_decay,fin_fraud,0.7736,0.0101,0.761,0.0142,,,,
central_authorities_removed_section_sep_lr_decay,land_property,0.8109,0.0086,0.7951,0.009,,,,
central_authorities_removed_section_sep_lr_decay,motor_accidents,0.842,0.0052,0.8141,0.0064,,,,
central_authorities_removed_section_sep_lr_decay,sexual_offences,0.7709,0.0059,0.7498,0.0081,,,,
central_authorities_removed_section_sep_lr_decay,cross_bucket,0.8062,0.0048,0.7992,0.0046,,,,
central_authorities_removed_party_args_preamble_lr_decay,fin_fraud,0.7697,0.0104,0.7575,0.0128,,,,
